{"Fid":"fgU8KBv-Sse8iGa6GTjH1j","Status":3,"AuthToken":"eyJhbGciOiJFUzI1NiIsInR5cCI6IkpXVCJ9.eyJhcHBJZCI6IjE6NzMyNTY1OTIwMjU5OmFuZHJvaWQ6ZjZlNThhYjBlZDIwYzNjZCIsImV4cCI6MTc1OTYzODM5NCwiZmlkIjoiZmdVOEtCdi1Tc2U4aUdhNkdUakgxaiIsInByb2plY3ROdW1iZXIiOjczMjU2NTkyMDI1OX0.AB2LPV8wRQIhAMnovZqtX4G4H2V_T1EPGOCCQmKjtLuWuljDOWboUzg6AiBi6nrvlJMdY4Ac9a6vcrMIqx4JJ4yep8XexbJvAWk5kg","RefreshToken":"3_AS3qfwLfOJZPd9BVSl0dxmV1mxlcqyPmwiRtZRVh8obrwyZLIV8HdMAcTQU8T8IFLA2BgfhkVbF-1QqdStW_Xseik0pUOmRl49ytVFHjv79_rvg","TokenCreationEpochInSecs":1759033593,"ExpiresInSecs":604800}