<?xml version='1.0' encoding='utf-8' standalone='yes' ?>
<map>
    <long name="prev_session_dur" value="5" />
    <boolean name="ddl_sent" value="true" />
    <string name="ddl">{&quot;from_fg&quot;:435,&quot;net&quot;:[678],&quot;rfr_wait&quot;:2,&quot;status&quot;:&quot;NOT_FOUND&quot;,&quot;timeout_value&quot;:3000}</string>
    <int name="versionCode" value="9927" />
    <long name="init_ts" value="1758986259889" />
    <long name="fg_ts" value="1758986263072" />
    <string name="savedProperties">{&quot;uid&quot;:&quot;1758986263086-8226874090609624083&quot;,&quot;shouldLog&quot;:&quot;false&quot;,&quot;logLevel&quot;:&quot;0&quot;,&quot;AppsFlyerKey&quot;:&quot;3TV78onneSTLeEX8p8B4y8&quot;,&quot;advertiserId&quot;:&quot;32b09acc-0c88-4a85-8ffe-3b71c0367bc6&quot;,&quot;advertiserIdEnabled&quot;:&quot;true&quot;}</string>
    <string name="AF_INSTALLATION">1758986263086-8226874090609624083</string>
    <long name="exception_number" value="2" />
    <int name="appsFlyerCount" value="6" />
    <long name="AppsFlyerTimePassedSincePrevLaunch" value="1759033590999" />
    <boolean name="newGPReferrerSent" value="true" />
    <string name="first_launch">{}</string>
    <string name="appsFlyerFirstInstall">2025-09-27_151744+0000</string>
    <string name="attributionId">{&quot;af_status&quot;:&quot;Organic&quot;,&quot;af_message&quot;:&quot;organic install&quot;,&quot;is_first_launch&quot;:false}</string>
</map>
