<?xml version='1.0' encoding='utf-8' standalone='yes' ?>
<map>
    <int name="d_ts" value="1759033590" />
    <int name="dh" value="-2010312320" />
    <int name="hgt" value="4" />
    <string name="av">6.15.42</string>
    <int name="v" value="2" />
    <int name="wdt" value="2" />
    <string name="j_n">ZWhifQAJAgBiYw==</string>
    <string name="i_n">ZW5mfwQCBw1ibw==</string>
    <int name="r_ts" value="1759033594" />
    <string name="id">48K-8WW-754Z</string>
    <string name="k_n">DHhgfgICAwxnb2F6Ym5kegcHCQ1keA8=</string>
    <string name="j_s">{}</string>
</map>
