<?xml version='1.0' encoding='utf-8' standalone='yes' ?>
<map>
    <string name="prev_event_name">number_verified</string>
    <long name="prev_event_timestamp" value="1760932091326" />
    <int name="appsFlyerInAppEventCount" value="2" />
    <long name="prev_session_dur" value="13" />
    <string name="afUninstallToken">fKAbqHCoTeiLsbTR9u25Rx:APA91bFKQvBojgq2k6NceL-CH4IH4PFtoQj0hp3uzC0izFMabwAphTqNhNvSWgfotWXkhKRWGt0tYB09GAwF6WpE_bBoMLmFp9f6gFAS1R9uzahYjVXw2r8</string>
    <boolean name="ddl_sent" value="true" />
    <long name="af_rc_max_age" value="86400" />
    <string name="sentSuccessfully">true</string>
    <int name="versionCode" value="20251702" />
    <string name="af_remote_config">eyJmZWF0dXJlcyI6e30sInZlciI6ImRlZmF1bHQudjEuMTYzNzE0OTUyOSJ9</string>
    <boolean name="sentRegisterRequestToAF" value="true" />
    <string name="savedProperties">{&quot;uid&quot;:&quot;1760932036292-4888280320683996822&quot;,&quot;waitForCustomerId&quot;:&quot;false&quot;,&quot;logLevel&quot;:&quot;0&quot;,&quot;AppUserId&quot;:&quot;9aa1518f4990f990&quot;}</string>
    <string name="AF_INSTALLATION">1760932036292-4888280320683996822</string>
    <boolean name="afUninstallToken_queued" value="false" />
    <int name="appsFlyerCount" value="5" />
    <long name="af_rc_timestamp" value="1760932037034" />
    <long name="AppsFlyerTimePassedSincePrevLaunch" value="1760932087024" />
    <boolean name="newGPReferrerSent" value="true" />
    <string name="appsFlyerFirstInstall">2025-10-20_091716+0530</string>
    <long name="afUninstallToken_received_time" value="1760932037389" />
    <string name="attributionId">{&quot;install_time&quot;:&quot;2025-10-20 03:47:22.772&quot;,&quot;af_message&quot;:&quot;organic install&quot;,&quot;af_status&quot;:&quot;Organic&quot;,&quot;is_first_launch&quot;:false}</string>
</map>
