<?xml version='1.0' encoding='utf-8' standalone='yes' ?>
<map>
    <string name="prev_event_name">number_verified</string>
    <long name="prev_event_timestamp" value="1760526189576" />
    <int name="appsFlyerInAppEventCount" value="2" />
    <long name="prev_session_dur" value="10" />
    <string name="afUninstallToken">ewCQ8tWRQnGNb8Fc9VsxOR:APA91bGIACxgm3BKYzQPMXLM1uGv41T4wFjynnGyoJ9glC1jqr0Su9fQaQ3ZIB8OnlKuNkLpXPAMOs1zwaZbgq1Nm-j9hkhOGSZ2ki_4M5K75zOcGCY3hbM</string>
    <boolean name="ddl_sent" value="true" />
    <long name="af_rc_max_age" value="86400" />
    <string name="sentSuccessfully">true</string>
    <int name="versionCode" value="20251702" />
    <string name="af_remote_config">eyJmZWF0dXJlcyI6e30sInZlciI6ImRlZmF1bHQudjEuMTYzNzE0OTUyOSJ9</string>
    <boolean name="sentRegisterRequestToAF" value="true" />
    <string name="savedProperties">{&quot;uid&quot;:&quot;1760526153500-89286852075133585&quot;,&quot;waitForCustomerId&quot;:&quot;false&quot;,&quot;logLevel&quot;:&quot;0&quot;,&quot;AppUserId&quot;:&quot;6b3b044ae98c9c5e&quot;}</string>
    <string name="AF_INSTALLATION">1760526153500-89286852075133585</string>
    <boolean name="afUninstallToken_queued" value="false" />
    <int name="appsFlyerCount" value="4" />
    <long name="af_rc_timestamp" value="1760526154076" />
    <long name="AppsFlyerTimePassedSincePrevLaunch" value="1760526185656" />
    <boolean name="newGPReferrerSent" value="true" />
    <string name="appsFlyerFirstInstall">2025-10-15_163233+0530</string>
    <long name="afUninstallToken_received_time" value="1760526157126" />
    <string name="attributionId">{&quot;install_time&quot;:&quot;2025-10-15 11:02:39.286&quot;,&quot;af_message&quot;:&quot;organic install&quot;,&quot;af_status&quot;:&quot;Organic&quot;,&quot;is_first_launch&quot;:false}</string>
</map>
