<?xml version='1.0' encoding='utf-8' standalone='yes' ?>
<map>
    <string name="prev_event_name">number_verified</string>
    <long name="prev_event_timestamp" value="1761541657900" />
    <int name="appsFlyerInAppEventCount" value="2" />
    <long name="prev_session_dur" value="9" />
    <string name="afUninstallToken">emYph5m0R_ONjfEjBudRxJ:APA91bH7SeRV9F4yAKgivdOVgmdpJdWk9emnEFos7ySg8yktDyDTBPISy_AeXH398n49wjKC4vF8WPPtSAQoLokEH0pHMeL-Ro9TUR9r88r9tLhSGXSZnys</string>
    <boolean name="ddl_sent" value="true" />
    <long name="af_rc_max_age" value="86400" />
    <string name="sentSuccessfully">true</string>
    <int name="versionCode" value="20251702" />
    <string name="af_remote_config">eyJmZWF0dXJlcyI6e30sInZlciI6ImRlZmF1bHQudjEuMTYzNzE0OTUyOSJ9</string>
    <boolean name="sentRegisterRequestToAF" value="true" />
    <string name="savedProperties">{&quot;uid&quot;:&quot;1761541608718-8011314768002255474&quot;,&quot;waitForCustomerId&quot;:&quot;false&quot;,&quot;logLevel&quot;:&quot;0&quot;,&quot;AppUserId&quot;:&quot;9aa1518f4990f990&quot;}</string>
    <string name="AF_INSTALLATION">1761541608718-8011314768002255474</string>
    <boolean name="afUninstallToken_queued" value="false" />
    <int name="appsFlyerCount" value="4" />
    <long name="af_rc_timestamp" value="1761541609604" />
    <long name="AppsFlyerTimePassedSincePrevLaunch" value="1761541654013" />
    <boolean name="newGPReferrerSent" value="true" />
    <string name="appsFlyerFirstInstall">2025-10-27_103648+0530</string>
    <long name="afUninstallToken_received_time" value="1761541614864" />
    <string name="attributionId">{&quot;install_time&quot;:&quot;2025-10-27 05:06:53.989&quot;,&quot;af_message&quot;:&quot;organic install&quot;,&quot;af_status&quot;:&quot;Organic&quot;,&quot;is_first_launch&quot;:false}</string>
</map>
