<?xml version='1.0' encoding='utf-8' standalone='yes' ?>
<map>
    <string name="prev_event_name">number_verified</string>
    <long name="prev_event_timestamp" value="1760249716243" />
    <int name="appsFlyerInAppEventCount" value="2" />
    <long name="prev_session_dur" value="16" />
    <string name="afUninstallToken">fynYNYd8TzS3BoUcDQRBix:APA91bEaOBqHrvrc5RzJYCsxVWEY1En4sgl_4wTld3Fu1wIZUlxmjSs4bQh4kL1T4CewMTbm8nMSNBtG6cadR6FSoA-b-oIBV2z7bMS5Q0ekvOizqwkb--s</string>
    <boolean name="ddl_sent" value="true" />
    <long name="af_rc_max_age" value="86400" />
    <string name="sentSuccessfully">true</string>
    <int name="versionCode" value="20251702" />
    <string name="af_remote_config">eyJmZWF0dXJlcyI6e30sInZlciI6ImRlZmF1bHQudjEuMTYzNzE0OTUyOSJ9</string>
    <boolean name="sentRegisterRequestToAF" value="true" />
    <string name="savedProperties">{&quot;uid&quot;:&quot;1760249667606-1499786575427648931&quot;,&quot;waitForCustomerId&quot;:&quot;false&quot;,&quot;logLevel&quot;:&quot;0&quot;,&quot;AppUserId&quot;:&quot;6b3b044ae98c9c5e&quot;}</string>
    <string name="AF_INSTALLATION">1760249667606-1499786575427648931</string>
    <boolean name="afUninstallToken_queued" value="false" />
    <int name="appsFlyerCount" value="3" />
    <long name="af_rc_timestamp" value="1760249668038" />
    <long name="AppsFlyerTimePassedSincePrevLaunch" value="1760249711828" />
    <boolean name="newGPReferrerSent" value="true" />
    <string name="appsFlyerFirstInstall">2025-10-12_114427+0530</string>
    <long name="afUninstallToken_received_time" value="1760249670784" />
    <string name="attributionId">{&quot;af_status&quot;:&quot;Organic&quot;,&quot;af_message&quot;:&quot;organic install&quot;,&quot;is_first_launch&quot;:false}</string>
</map>
