<?xml version='1.0' encoding='utf-8' standalone='yes' ?>
<map>
    <string name="prev_event_name">number_verified</string>
    <long name="prev_event_timestamp" value="1762914027354" />
    <int name="appsFlyerInAppEventCount" value="2" />
    <long name="prev_session_dur" value="11" />
    <string name="afUninstallToken">e1mVBFA7SeKyABOoG_RtHJ:APA91bFWquhCckntVycjwfFXbtpmefwid6Egw862Toc1IUhfHglnp13oZ_cMm4fPqYCWuyu8UTFmq0eW5Vqv5RGkbCUkb5-bU60u_SeGVVjezvnAmETd8_8</string>
    <boolean name="ddl_sent" value="true" />
    <long name="af_rc_max_age" value="86400" />
    <string name="sentSuccessfully">true</string>
    <int name="versionCode" value="202526001" />
    <string name="af_remote_config">eyJmZWF0dXJlcyI6e30sInZlciI6ImRlZmF1bHQudjEuMTYzNzE0OTUyOSJ9</string>
    <boolean name="sentRegisterRequestToAF" value="true" />
    <string name="savedProperties">{&quot;uid&quot;:&quot;1762913964728-467926744789030104&quot;,&quot;waitForCustomerId&quot;:&quot;false&quot;,&quot;logLevel&quot;:&quot;0&quot;,&quot;AppUserId&quot;:&quot;9aa1518f4990f990&quot;}</string>
    <string name="AF_INSTALLATION">1762913964728-467926744789030104</string>
    <boolean name="afUninstallToken_queued" value="false" />
    <int name="appsFlyerCount" value="3" />
    <long name="af_rc_timestamp" value="1762913965418" />
    <long name="AppsFlyerTimePassedSincePrevLaunch" value="1762914022064" />
    <boolean name="newGPReferrerSent" value="true" />
    <string name="appsFlyerFirstInstall">2025-11-12_074925+0530</string>
    <long name="afUninstallToken_received_time" value="1762913967904" />
    <string name="attributionId">{&quot;af_status&quot;:&quot;Organic&quot;,&quot;af_message&quot;:&quot;organic install&quot;,&quot;is_first_launch&quot;:false}</string>
</map>
