<?xml version='1.0' encoding='utf-8' standalone='yes' ?>
<map>
    <string name="prev_event_name">number_verified</string>
    <long name="prev_event_timestamp" value="1759050214400" />
    <int name="appsFlyerInAppEventCount" value="2" />
    <long name="prev_session_dur" value="2" />
    <string name="afUninstallToken">d99XlKahS-KhLhavudmE1B:APA91bEIX7yuSbmm4qZZ67e4jUhbZwnMrGjt3__XUKmpHskf7wQLPc4yiEhbLkMvv7wEIOfcydwNcRtUqWw0fH2rIbPwRzNnGWTQ_KtufJZu8AKqYHS9Qhw</string>
    <boolean name="ddl_sent" value="true" />
    <long name="af_rc_max_age" value="86400" />
    <string name="sentSuccessfully">true</string>
    <int name="versionCode" value="20251702" />
    <string name="af_remote_config">eyJmZWF0dXJlcyI6e30sInZlciI6ImRlZmF1bHQudjEuMTYzNzE0OTUyOSJ9</string>
    <boolean name="sentRegisterRequestToAF" value="true" />
    <string name="savedProperties">{&quot;uid&quot;:&quot;1759050091120-3179677264734988660&quot;,&quot;waitForCustomerId&quot;:&quot;false&quot;,&quot;logLevel&quot;:&quot;0&quot;,&quot;AppUserId&quot;:&quot;9aa1518f4990f990&quot;}</string>
    <string name="AF_INSTALLATION">1759050091120-3179677264734988660</string>
    <boolean name="afUninstallToken_queued" value="false" />
    <int name="appsFlyerCount" value="5" />
    <long name="af_rc_timestamp" value="1759050091499" />
    <long name="AppsFlyerTimePassedSincePrevLaunch" value="1759050231444" />
    <boolean name="newGPReferrerSent" value="true" />
    <string name="appsFlyerFirstInstall">2025-09-28_143131+0530</string>
    <long name="afUninstallToken_received_time" value="1759050094458" />
    <string name="attributionId">{&quot;af_status&quot;:&quot;Organic&quot;,&quot;af_message&quot;:&quot;organic install&quot;,&quot;is_first_launch&quot;:false}</string>
</map>
