<?xml version='1.0' encoding='utf-8' standalone='yes' ?>
<map>
    <string name="prev_event_name">number_verified</string>
    <long name="prev_event_timestamp" value="1764232904175" />
    <int name="appsFlyerInAppEventCount" value="2" />
    <long name="prev_session_dur" value="9" />
    <string name="afUninstallToken">fl3W0H_fQ5q3dRHOG22i_2:APA91bF9r0Hfr7OrpmYLZVGfWhsImK7K-K427N15XfSViuVivdQL3FibOlP23Fd54HYGkLN-cRU43N-C1hacpmeYhAR1Efrnx2kDZWUADeaQXkC_FFmonOA</string>
    <boolean name="ddl_sent" value="true" />
    <long name="af_rc_max_age" value="86400" />
    <string name="sentSuccessfully">true</string>
    <int name="versionCode" value="202527003" />
    <string name="af_remote_config">eyJmZWF0dXJlcyI6e30sInZlciI6ImRlZmF1bHQudjEuMTYzNzE0OTUyOSJ9</string>
    <boolean name="sentRegisterRequestToAF" value="true" />
    <string name="savedProperties">{&quot;uid&quot;:&quot;1764232852301-3516677920249014457&quot;,&quot;waitForCustomerId&quot;:&quot;false&quot;,&quot;logLevel&quot;:&quot;0&quot;,&quot;AppUserId&quot;:&quot;9aa1518f4990f990&quot;}</string>
    <string name="AF_INSTALLATION">1764232852301-3516677920249014457</string>
    <boolean name="afUninstallToken_queued" value="false" />
    <int name="appsFlyerCount" value="4" />
    <long name="af_rc_timestamp" value="1764232852846" />
    <long name="AppsFlyerTimePassedSincePrevLaunch" value="1764232899622" />
    <boolean name="newGPReferrerSent" value="true" />
    <string name="appsFlyerFirstInstall">2025-11-27_141052+0530</string>
    <long name="afUninstallToken_received_time" value="1764232856007" />
    <string name="attributionId">{&quot;install_time&quot;:&quot;2025-11-27 08:40:59.640&quot;,&quot;af_message&quot;:&quot;organic install&quot;,&quot;af_status&quot;:&quot;Organic&quot;,&quot;is_first_launch&quot;:false}</string>
</map>
