<?xml version='1.0' encoding='utf-8' standalone='yes' ?>
<map>
    <string name="prev_event_name">number_verified</string>
    <long name="prev_event_timestamp" value="1760524418704" />
    <int name="appsFlyerInAppEventCount" value="2" />
    <long name="prev_session_dur" value="15" />
    <string name="afUninstallToken">dvbz00zkQo-LOfL2GD2CuB:APA91bFnHlgPztYsWIm0W6nlmtBLDWFY4k0QLvnIrFHJiZAwNWFWulg9CWoF9AZ-D52G1C8Xe4Kiv7B5yYsvQKInIuSHkKiYeSQ43Ze6KfXSTJkp7DOKlw8</string>
    <boolean name="ddl_sent" value="true" />
    <long name="af_rc_max_age" value="86400" />
    <string name="sentSuccessfully">true</string>
    <int name="versionCode" value="20251702" />
    <string name="af_remote_config">eyJmZWF0dXJlcyI6e30sInZlciI6ImRlZmF1bHQudjEuMTYzNzE0OTUyOSJ9</string>
    <boolean name="sentRegisterRequestToAF" value="true" />
    <string name="savedProperties">{&quot;uid&quot;:&quot;1760524315864-6436857364238508106&quot;,&quot;waitForCustomerId&quot;:&quot;false&quot;,&quot;logLevel&quot;:&quot;0&quot;,&quot;AppUserId&quot;:&quot;6b3b044ae98c9c5e&quot;}</string>
    <string name="AF_INSTALLATION">1760524315864-6436857364238508106</string>
    <boolean name="afUninstallToken_queued" value="false" />
    <int name="appsFlyerCount" value="5" />
    <long name="af_rc_timestamp" value="1760524316520" />
    <long name="AppsFlyerTimePassedSincePrevLaunch" value="1760524413642" />
    <boolean name="newGPReferrerSent" value="true" />
    <string name="appsFlyerFirstInstall">2025-10-15_160155+0530</string>
    <long name="afUninstallToken_received_time" value="1760524318764" />
    <string name="attributionId">{&quot;install_time&quot;:&quot;2025-10-15 10:32:01.412&quot;,&quot;af_message&quot;:&quot;organic install&quot;,&quot;af_status&quot;:&quot;Organic&quot;,&quot;is_first_launch&quot;:false}</string>
</map>
