<?xml version='1.0' encoding='utf-8' standalone='yes' ?>
<map>
    <string name="prev_event_name">number_verified</string>
    <long name="prev_event_timestamp" value="1758199189246" />
    <int name="appsFlyerInAppEventCount" value="2" />
    <long name="prev_session_dur" value="3" />
    <string name="afUninstallToken">doJNt2bLR2ScqINAQcw9PM:APA91bFWd0mR_GfmCyj-Q9HAWeqz_Gh77cpbfyf8B5PqV4jRkk1OB5Sl9sZQ0Pr5SgKrfJwXnuEvUmtySi9IF8Z9KzqyUmtpHhwc5ZBVA883ZL-XlS50fMQ</string>
    <boolean name="ddl_sent" value="true" />
    <long name="af_rc_max_age" value="86400" />
    <int name="versionCode" value="999999" />
    <string name="af_remote_config">eyJmZWF0dXJlcyI6e30sInZlciI6ImRlZmF1bHQudjEuMTYzNzE0OTUyOSJ9</string>
    <string name="savedProperties">{&quot;uid&quot;:&quot;1758199072118-4378235770132999378&quot;,&quot;waitForCustomerId&quot;:&quot;false&quot;,&quot;logLevel&quot;:&quot;0&quot;,&quot;AppUserId&quot;:&quot;6b3b044ae98c9c5e&quot;}</string>
    <string name="AF_INSTALLATION">1758199072118-4378235770132999378</string>
    <boolean name="afUninstallToken_queued" value="false" />
    <int name="appsFlyerCount" value="4" />
    <long name="af_rc_timestamp" value="1758199072938" />
    <long name="AppsFlyerTimePassedSincePrevLaunch" value="1758199272843" />
    <boolean name="newGPReferrerSent" value="true" />
    <string name="appsFlyerFirstInstall">2025-09-18_180752+0530</string>
    <long name="afUninstallToken_received_time" value="1758199075120" />
</map>
