<?xml version='1.0' encoding='utf-8' standalone='yes' ?>
<map>
    <string name="prev_event_name">number_verified</string>
    <long name="prev_event_timestamp" value="1760938997155" />
    <int name="appsFlyerInAppEventCount" value="2" />
    <long name="prev_session_dur" value="8" />
    <string name="afUninstallToken">cOhhMh4YSOmECcAdinatJA:APA91bGzh9IVqL2AEiWANRwbUlr1fw-BqEYJOQKVh5mFfLn2I6ZmOqKvQwGJVEbFw3eh3q4RXhS4RxplESR27GT9tzt6AE2HE4DPq3p1ZUol8HiuzQWk0lA</string>
    <boolean name="ddl_sent" value="true" />
    <long name="af_rc_max_age" value="86400" />
    <string name="sentSuccessfully">true</string>
    <int name="versionCode" value="20251702" />
    <string name="af_remote_config">eyJmZWF0dXJlcyI6e30sInZlciI6ImRlZmF1bHQudjEuMTYzNzE0OTUyOSJ9</string>
    <boolean name="sentRegisterRequestToAF" value="true" />
    <string name="savedProperties">{&quot;uid&quot;:&quot;1760938962818-6947669334593026785&quot;,&quot;waitForCustomerId&quot;:&quot;false&quot;,&quot;logLevel&quot;:&quot;0&quot;,&quot;AppUserId&quot;:&quot;6b3b044ae98c9c5e&quot;}</string>
    <string name="AF_INSTALLATION">1760938962818-6947669334593026785</string>
    <boolean name="afUninstallToken_queued" value="false" />
    <int name="appsFlyerCount" value="4" />
    <long name="af_rc_timestamp" value="1760938963142" />
    <long name="AppsFlyerTimePassedSincePrevLaunch" value="1760938994452" />
    <boolean name="newGPReferrerSent" value="true" />
    <string name="appsFlyerFirstInstall">2025-10-20_111242+0530</string>
    <long name="afUninstallToken_received_time" value="1760938965852" />
    <string name="attributionId">{&quot;install_time&quot;:&quot;2025-10-20 05:42:47.432&quot;,&quot;af_message&quot;:&quot;organic install&quot;,&quot;af_status&quot;:&quot;Organic&quot;,&quot;is_first_launch&quot;:false}</string>
</map>
