<?xml version='1.0' encoding='utf-8' standalone='yes' ?>
<map>
    <string name="prev_event_name">number_verified</string>
    <long name="prev_event_timestamp" value="1765375701353" />
    <int name="appsFlyerInAppEventCount" value="2" />
    <long name="prev_session_dur" value="10" />
    <string name="afUninstallToken">dfEc2LxqSs-ShWdmuxHmws:APA91bG5omcNmss5lbXdN9zM9TG8PIhTuxZFbIVvugyS05rm_LkyoAydJLo6vGLhNphiXUVBNeJSBqD6FXL3-JHzQzOht7eHCw7G1gDhWOChsWgaF_2aI3Q</string>
    <boolean name="ddl_sent" value="true" />
    <long name="af_rc_max_age" value="86400" />
    <string name="sentSuccessfully">true</string>
    <int name="versionCode" value="202528003" />
    <string name="af_remote_config">eyJmZWF0dXJlcyI6e30sInZlciI6ImRlZmF1bHQudjEuMTYzNzE0OTUyOSJ9</string>
    <boolean name="sentRegisterRequestToAF" value="true" />
    <string name="savedProperties">{&quot;uid&quot;:&quot;1765375637195-5579822897912321111&quot;,&quot;waitForCustomerId&quot;:&quot;false&quot;,&quot;logLevel&quot;:&quot;0&quot;,&quot;AppUserId&quot;:&quot;5772cdceddb9070c&quot;}</string>
    <string name="AF_INSTALLATION">1765375637195-5579822897912321111</string>
    <boolean name="afUninstallToken_queued" value="false" />
    <int name="appsFlyerCount" value="3" />
    <long name="AppsFlyerTimePassedSincePrevLaunch" value="1765375696220" />
    <boolean name="newGPReferrerSent" value="true" />
    <long name="af_rc_timestamp" value="1765375637604" />
    <string name="appsFlyerFirstInstall">2025-12-10_193717+0530</string>
    <long name="afUninstallToken_received_time" value="1765375639704" />
    <string name="attributionId">{&quot;install_time&quot;:&quot;2025-12-10 14:07:18.582&quot;,&quot;af_message&quot;:&quot;organic install&quot;,&quot;af_status&quot;:&quot;Organic&quot;,&quot;is_first_launch&quot;:false}</string>
</map>
