<?xml version='1.0' encoding='utf-8' standalone='yes' ?>
<map>
    <string name="prev_event_name">number_verified</string>
    <long name="prev_event_timestamp" value="1758876679899" />
    <int name="appsFlyerInAppEventCount" value="2" />
    <long name="prev_session_dur" value="12" />
    <string name="afUninstallToken">dZPHgJYMTX6HPoTCObeh_n:APA91bGia-pg14CxLIgC1NM_LKZf40qZiEgNPgk_G2Nk45B2vGORjH5DKy9hndz_ua6iA7RcHov3NObURDefJxEgU2O1N-wT2hU0Ov-CHI9aFvPJhoTSiEo</string>
    <boolean name="ddl_sent" value="true" />
    <long name="af_rc_max_age" value="86400" />
    <string name="sentSuccessfully">true</string>
    <int name="versionCode" value="20251702" />
    <string name="af_remote_config">eyJmZWF0dXJlcyI6e30sInZlciI6ImRlZmF1bHQudjEuMTYzNzE0OTUyOSJ9</string>
    <boolean name="sentRegisterRequestToAF" value="true" />
    <string name="savedProperties">{&quot;uid&quot;:&quot;1758876492547-8335217463821066422&quot;,&quot;waitForCustomerId&quot;:&quot;false&quot;,&quot;logLevel&quot;:&quot;0&quot;,&quot;AppUserId&quot;:&quot;6b3b044ae98c9c5e&quot;}</string>
    <string name="AF_INSTALLATION">1758876492547-8335217463821066422</string>
    <boolean name="afUninstallToken_queued" value="false" />
    <int name="appsFlyerCount" value="4" />
    <long name="AppsFlyerTimePassedSincePrevLaunch" value="1758876676329" />
    <boolean name="newGPReferrerSent" value="true" />
    <long name="af_rc_timestamp" value="1758876493477" />
    <string name="appsFlyerFirstInstall">2025-09-26_141812+0530</string>
    <long name="afUninstallToken_received_time" value="1758876494838" />
    <string name="attributionId">{&quot;af_status&quot;:&quot;Organic&quot;,&quot;af_message&quot;:&quot;organic install&quot;,&quot;is_first_launch&quot;:false}</string>
</map>
