<?xml version='1.0' encoding='utf-8' standalone='yes' ?>
<map>
    <string name="prev_event_name">number_verified</string>
    <long name="prev_event_timestamp" value="1762230521578" />
    <int name="appsFlyerInAppEventCount" value="2" />
    <long name="prev_session_dur" value="10" />
    <string name="afUninstallToken">fGVcXGnpTAWVBb9RQxHmhx:APA91bF5izdR-vG8LT7oy8Q9w4vv69kI09gady1p1lWpsEvnIETZ0HIXDmfHbqCyxzMOh1z8_zwl8vNSILM6KuKqOFumn84IM9Jhroevi58nDnI8UFs0eO0</string>
    <boolean name="ddl_sent" value="true" />
    <long name="af_rc_max_age" value="86400" />
    <string name="sentSuccessfully">true</string>
    <int name="versionCode" value="202525001" />
    <string name="af_remote_config">eyJmZWF0dXJlcyI6e30sInZlciI6ImRlZmF1bHQudjEuMTYzNzE0OTUyOSJ9</string>
    <boolean name="sentRegisterRequestToAF" value="true" />
    <string name="savedProperties">{&quot;uid&quot;:&quot;1762230469956-3425370794805151701&quot;,&quot;waitForCustomerId&quot;:&quot;false&quot;,&quot;logLevel&quot;:&quot;0&quot;,&quot;AppUserId&quot;:&quot;6b3b044ae98c9c5e&quot;}</string>
    <string name="AF_INSTALLATION">1762230469956-3425370794805151701</string>
    <boolean name="afUninstallToken_queued" value="false" />
    <int name="appsFlyerCount" value="3" />
    <long name="AppsFlyerTimePassedSincePrevLaunch" value="1762230518820" />
    <long name="af_rc_timestamp" value="1762230471580" />
    <boolean name="newGPReferrerSent" value="true" />
    <string name="appsFlyerFirstInstall">2025-11-04_095750+0530</string>
    <long name="afUninstallToken_received_time" value="1762230473883" />
    <string name="attributionId">{&quot;af_status&quot;:&quot;Organic&quot;,&quot;af_message&quot;:&quot;organic install&quot;,&quot;is_first_launch&quot;:false}</string>
</map>
