<?xml version='1.0' encoding='utf-8' standalone='yes' ?>
<map>
    <long name="first_open_time" value="1761541605644" />
    <string name="gmp_app_id">1:412826138735:android:8a32f791e415634f2ff59a</string>
    <string name="app_instance_id">c7f4a110c92ba2601b27b20342260d24</string>
    <long name="session_id" value="1761541611" />
    <boolean name="app_backgrounded" value="true" />
    <long name="health_monitor:start" value="1761541608539" />
    <boolean name="use_service" value="true" />
    <boolean name="deferred_analytics_collection" value="false" />
    <string name="default_event_parameters">[{&quot;n&quot;:&quot;sc_session_id&quot;,&quot;v&quot;:&quot;3116209815_fd567187-756c-4642-980e-83491f181506&quot;,&quot;t&quot;:&quot;s&quot;}]</string>
    <string name="previous_os_version">14</string>
    <boolean name="has_been_opened" value="true" />
    <boolean name="allow_remote_dynamite" value="true" />
    <long name="last_pause_time" value="1761541662380" />
    <boolean name="start_new_session" value="false" />
</map>
