<?xml version='1.0' encoding='utf-8' standalone='yes' ?>
<map>
    <long name="first_open_time" value="1762230465919" />
    <string name="gmp_app_id">1:412826138735:android:8a32f791e415634f2ff59a</string>
    <string name="app_instance_id">3a8624bcd6d55c33196bf01f7d316c69</string>
    <long name="session_id" value="1762230471" />
    <boolean name="app_backgrounded" value="true" />
    <long name="health_monitor:start" value="1762230468535" />
    <boolean name="use_service" value="true" />
    <boolean name="deferred_analytics_collection" value="false" />
    <string name="default_event_parameters">[{&quot;n&quot;:&quot;sc_session_id&quot;,&quot;v&quot;:&quot;4241454794_bebfefe8-a3d8-40c3-98ec-3eec91cc4d6f&quot;,&quot;t&quot;:&quot;s&quot;}]</string>
    <string name="previous_os_version">14</string>
    <boolean name="has_been_opened" value="true" />
    <boolean name="allow_remote_dynamite" value="true" />
    <long name="last_pause_time" value="1762230528906" />
    <boolean name="start_new_session" value="false" />
</map>
