<?xml version='1.0' encoding='utf-8' standalone='yes' ?>
<map>
    <long name="first_open_time" value="1760524315120" />
    <string name="gmp_app_id">1:412826138735:android:8a32f791e415634f2ff59a</string>
    <string name="app_instance_id">a2b963cbda28b67cf320ae2bbac489f8</string>
    <long name="session_id" value="1760524315" />
    <boolean name="app_backgrounded" value="true" />
    <long name="health_monitor:start" value="1760524315298" />
    <boolean name="use_service" value="true" />
    <boolean name="deferred_analytics_collection" value="false" />
    <string name="default_event_parameters">[{&quot;n&quot;:&quot;sc_session_id&quot;,&quot;v&quot;:&quot;4034468127_b9eb280b-08db-4ebf-9a36-bb06148c8e71&quot;,&quot;t&quot;:&quot;s&quot;}]</string>
    <string name="previous_os_version">14</string>
    <boolean name="has_been_opened" value="true" />
    <boolean name="allow_remote_dynamite" value="true" />
    <long name="last_pause_time" value="1760524428828" />
    <boolean name="start_new_session" value="false" />
</map>
