<?xml version='1.0' encoding='utf-8' standalone='yes' ?>
<map>
    <long name="first_open_time" value="1762913961621" />
    <string name="gmp_app_id">1:412826138735:android:8a32f791e415634f2ff59a</string>
    <string name="app_instance_id">2a36e8b78878a2188a17220dd1fddd86</string>
    <long name="session_id" value="1762913966" />
    <boolean name="app_backgrounded" value="true" />
    <long name="health_monitor:start" value="1762913964106" />
    <boolean name="use_service" value="true" />
    <boolean name="deferred_analytics_collection" value="false" />
    <string name="default_event_parameters">[{&quot;n&quot;:&quot;sc_session_id&quot;,&quot;v&quot;:&quot;3116209815_ab3f64c9-6aa5-4bf1-ab49-37df3ef1771a&quot;,&quot;t&quot;:&quot;s&quot;}]</string>
    <string name="previous_os_version">14</string>
    <boolean name="has_been_opened" value="true" />
    <boolean name="allow_remote_dynamite" value="true" />
    <long name="last_pause_time" value="1762914032491" />
    <boolean name="start_new_session" value="false" />
</map>
