<?xml version='1.0' encoding='utf-8' standalone='yes' ?>
<map>
    <long name="first_open_time" value="1758199070926" />
    <string name="app_instance_id">3f33342065d467bee6a10abd88f244c3</string>
    <boolean name="app_backgrounded" value="true" />
    <long name="session_id" value="1758199072" />
    <long name="health_monitor:start" value="1758199071576" />
    <boolean name="use_service" value="true" />
    <string name="default_event_parameters">[{&quot;n&quot;:&quot;sc_session_id&quot;,&quot;v&quot;:&quot;4357092199_8935d52c-4a2a-43c5-9173-72c147460562&quot;,&quot;t&quot;:&quot;s&quot;}]</string>
    <boolean name="has_been_opened" value="true" />
    <string name="health_monitor:value">2EC133018:Uploading is not possible. App measurement disabled</string>
    <boolean name="allow_remote_dynamite" value="true" />
    <long name="last_pause_time" value="1758199275265" />
    <long name="health_monitor:count" value="1" />
    <boolean name="start_new_session" value="false" />
</map>
