<?xml version='1.0' encoding='utf-8' standalone='yes' ?>
<map>
    <long name="first_open_time" value="1758876491619" />
    <string name="gmp_app_id">1:412826138735:android:8a32f791e415634f2ff59a</string>
    <string name="app_instance_id">4483099cd3be9aada592da823a2c44dc</string>
    <long name="session_id" value="1758876491" />
    <boolean name="app_backgrounded" value="true" />
    <long name="health_monitor:start" value="1758876491916" />
    <boolean name="use_service" value="true" />
    <boolean name="deferred_analytics_collection" value="false" />
    <string name="default_event_parameters">[{&quot;n&quot;:&quot;sc_session_id&quot;,&quot;v&quot;:&quot;2863430430_da03fc0d-4c54-4405-b1fa-2eb500cb7af4&quot;,&quot;t&quot;:&quot;s&quot;}]</string>
    <string name="previous_os_version">14</string>
    <boolean name="has_been_opened" value="true" />
    <boolean name="allow_remote_dynamite" value="true" />
    <long name="last_pause_time" value="1758876687546" />
    <boolean name="start_new_session" value="false" />
</map>
