<?xml version='1.0' encoding='utf-8' standalone='yes' ?>
<map>
    <long name="first_open_time" value="1760931986361" />
    <string name="gmp_app_id">1:412826138735:android:8a32f791e415634f2ff59a</string>
    <string name="app_instance_id">d2e5f1e851672578ac47757ed7d7ec85</string>
    <long name="session_id" value="1760931986" />
    <boolean name="app_backgrounded" value="true" />
    <long name="health_monitor:start" value="1760931986592" />
    <boolean name="use_service" value="true" />
    <boolean name="deferred_analytics_collection" value="false" />
    <string name="default_event_parameters">[{&quot;n&quot;:&quot;sc_session_id&quot;,&quot;v&quot;:&quot;3564375210_99a9cc4c-1a2e-464b-b333-4488b9196d44&quot;,&quot;t&quot;:&quot;s&quot;}]</string>
    <string name="previous_os_version">14</string>
    <boolean name="has_been_opened" value="true" />
    <boolean name="allow_remote_dynamite" value="true" />
    <long name="last_pause_time" value="1760932100375" />
    <boolean name="start_new_session" value="false" />
</map>
