<?xml version='1.0' encoding='utf-8' standalone='yes' ?>
<map>
    <long name="first_open_time" value="1760526150109" />
    <string name="gmp_app_id">1:412826138735:android:8a32f791e415634f2ff59a</string>
    <string name="app_instance_id">a6966a78a8dcccc150eb3f2f3d87a2f7</string>
    <long name="session_id" value="1760526153" />
    <boolean name="app_backgrounded" value="true" />
    <long name="health_monitor:start" value="1760526151280" />
    <boolean name="use_service" value="true" />
    <boolean name="deferred_analytics_collection" value="false" />
    <string name="default_event_parameters">[{&quot;n&quot;:&quot;sc_session_id&quot;,&quot;v&quot;:&quot;4034468127_817715df-a3d9-4089-8f01-15db300fe81c&quot;,&quot;t&quot;:&quot;s&quot;}]</string>
    <string name="previous_os_version">14</string>
    <boolean name="has_been_opened" value="true" />
    <boolean name="allow_remote_dynamite" value="true" />
    <long name="last_pause_time" value="1760526195701" />
    <boolean name="start_new_session" value="false" />
</map>
