<?xml version='1.0' encoding='utf-8' standalone='yes' ?>
<map>
    <long name="first_open_time" value="1760526658736" />
    <string name="gmp_app_id">1:412826138735:android:8a32f791e415634f2ff59a</string>
    <string name="app_instance_id">53062c73a412d3f0368dccd6bf9486d9</string>
    <long name="session_id" value="1760526661" />
    <boolean name="app_backgrounded" value="true" />
    <long name="health_monitor:start" value="1760526660596" />
    <boolean name="use_service" value="true" />
    <boolean name="deferred_analytics_collection" value="false" />
    <string name="default_event_parameters">[{&quot;n&quot;:&quot;sc_session_id&quot;,&quot;v&quot;:&quot;4034468127_81b86c67-2b6c-4bf5-8b3d-c2d1ee6fbf8b&quot;,&quot;t&quot;:&quot;s&quot;}]</string>
    <string name="previous_os_version">14</string>
    <boolean name="has_been_opened" value="true" />
    <boolean name="allow_remote_dynamite" value="true" />
    <long name="last_pause_time" value="1760526761112" />
    <boolean name="start_new_session" value="false" />
</map>
