<?xml version='1.0' encoding='utf-8' standalone='yes' ?>
<map>
    <long name="first_open_time" value="1764232849384" />
    <string name="gmp_app_id">1:412826138735:android:8a32f791e415634f2ff59a</string>
    <string name="app_instance_id">0d2e417781be79edc7cdca6882db9ac2</string>
    <long name="session_id" value="1764232853" />
    <boolean name="app_backgrounded" value="true" />
    <long name="health_monitor:start" value="1764232851242" />
    <boolean name="use_service" value="true" />
    <boolean name="deferred_analytics_collection" value="false" />
    <string name="default_event_parameters">[{&quot;n&quot;:&quot;sc_session_id&quot;,&quot;v&quot;:&quot;4611996632_4c8f2820-af5a-43fb-9ca5-9c5168e44333&quot;,&quot;t&quot;:&quot;s&quot;}]</string>
    <string name="previous_os_version">14</string>
    <boolean name="has_been_opened" value="true" />
    <boolean name="allow_remote_dynamite" value="true" />
    <long name="last_pause_time" value="1764232908767" />
    <boolean name="start_new_session" value="false" />
</map>
