<?xml version='1.0' encoding='utf-8' standalone='yes' ?>
<map>
    <long name="first_open_time" value="1760249665261" />
    <string name="gmp_app_id">1:412826138735:android:8a32f791e415634f2ff59a</string>
    <string name="app_instance_id">76de8591226a12794341eff79e0fed2f</string>
    <long name="session_id" value="1760249667" />
    <boolean name="app_backgrounded" value="true" />
    <long name="health_monitor:start" value="1760249666739" />
    <boolean name="use_service" value="true" />
    <boolean name="deferred_analytics_collection" value="false" />
    <string name="default_event_parameters">[{&quot;n&quot;:&quot;sc_session_id&quot;,&quot;v&quot;:&quot;4915837107_34f602e4-eb30-44ab-8c29-b2e50346a4b1&quot;,&quot;t&quot;:&quot;s&quot;}]</string>
    <string name="previous_os_version">14</string>
    <boolean name="has_been_opened" value="true" />
    <boolean name="allow_remote_dynamite" value="true" />
    <long name="last_pause_time" value="1760249727888" />
    <boolean name="start_new_session" value="false" />
</map>
