<?xml version='1.0' encoding='utf-8' standalone='yes' ?>
<map>
    <long name="first_open_time" value="1758859572003" />
    <string name="gmp_app_id">1:412826138735:android:8a32f791e415634f2ff59a</string>
    <string name="app_instance_id">4b95f526cb5eec4d745a549d80c63177</string>
    <long name="session_id" value="1758859573" />
    <boolean name="app_backgrounded" value="true" />
    <long name="health_monitor:start" value="1758859572608" />
    <boolean name="use_service" value="true" />
    <boolean name="deferred_analytics_collection" value="false" />
    <string name="default_event_parameters">[{&quot;n&quot;:&quot;sc_session_id&quot;,&quot;v&quot;:&quot;2795261388_a97b54b7-da8d-4810-9a3a-3c6936f9cd85&quot;,&quot;t&quot;:&quot;s&quot;}]</string>
    <string name="previous_os_version">14</string>
    <boolean name="has_been_opened" value="true" />
    <boolean name="allow_remote_dynamite" value="true" />
    <long name="last_pause_time" value="1758860032947" />
    <boolean name="start_new_session" value="false" />
</map>
