<?xml version='1.0' encoding='utf-8' standalone='yes' ?>
<map>
    <long name="fire-count" value="1" />
    <string name="last-used-date">2025-10-20</string>
    <long name="fire-global" value="1760931986380" />
    <set name="fire-cls/18.4.1 android-installer/bin.mt.plus.canary fire-analytics/21.3.0 fire-analytics-ktx/21.3.0 fire-fcm/23.2.1 kotlin/2.0.0 fire-sessions/1.0.2 fire-abt/21.1.1 fire-core/20.3.3 fire-cls-ndk/18.4.1 fire-perf-ktx/unspecified android-platform/ android-min-sdk/21 fire-fst-ktx/unspecified fire-transport/18.1.8 android-target-sdk/35 fire-perf/20.4.1 fire-core-ktx/unspecified fire-fst/24.7.1 device-brand/realme fire-android/34 fire-db-ktx/unspecified fire-fcm-ktx/unspecified fire-installations/17.1.4 fire-rc/21.4.1 fire-rtdb/20.2.2 device-name/RMX3660 device-model/RE588BL1">
        <string>2025-10-20</string>
    </set>
</map>
