<?xml version='1.0' encoding='utf-8' standalone='yes' ?>
<map>
    <set name="fire-cls/18.6.0 android-installer/bin.mt.plus.canary fire-fcm/23.3.1 kotlin/2.0.0 fire-core-ktx/20.4.2 fire-analytics/21.5.0 fire-abt/21.1.1 fire-sessions/1.2.0 fire-cls-ndk/18.6.0 fire-core/20.4.2 android-platform/ android-min-sdk/21 fire-transport/18.1.8 android-target-sdk/35 device-brand/realme fire-android/34 fire-perf/20.5.1 fire-perf-ktx/20.5.1 fire-fst/24.9.1 fire-installations/17.2.0 fire-rc/21.6.0 fire-rtdb/20.3.0 device-name/RMX3660 device-model/RE588BL1">
        <string>2025-11-04</string>
    </set>
    <long name="fire-count" value="1" />
    <string name="last-used-date">2025-11-04</string>
    <long name="fire-global" value="1762230466943" />
</map>
