{"Fid":"doJNt2bLR2ScqINAQcw9PM","Status":3,"AuthToken":"eyJhbGciOiJFUzI1NiIsInR5cCI6IkpXVCJ9.eyJhcHBJZCI6IjE6NDEyODI2MTM4NzM1OmFuZHJvaWQ6OGEzMmY3OTFlNDE1NjM0ZjJmZjU5YSIsImV4cCI6MTc1ODgwMzg3MiwiZmlkIjoiZG9KTnQyYkxSMlNjcUlOQVFjdzlQTSIsInByb2plY3ROdW1iZXIiOjQxMjgyNjEzODczNX0.AB2LPV8wRQIhAI3y2dExQVNVQpWLxM5m3ivDfaglF_Krr9O1OAG7Yh2lAiA5EhbVb7Rqd8C9dnLZBRIvKSy99E95xck4-zxEiOXRWA","RefreshToken":"3_AS3qfwKTzPdF5aaVCtq9gnykmq0DVpyVe742Q14JijYwU6IeJuLbLPUlvvwqARjCOE_wcOcl67ZlAJ_ESzI6c8ndh_fOT1aNiQSnDhdTxc7EWBs","TokenCreationEpochInSecs":1758199072,"ExpiresInSecs":604800}