{"Fid":"dZPHgJYMTX6HPoTCObeh_n","Status":3,"AuthToken":"eyJhbGciOiJFUzI1NiIsInR5cCI6IkpXVCJ9.eyJhcHBJZCI6IjE6NDEyODI2MTM4NzM1OmFuZHJvaWQ6OGEzMmY3OTFlNDE1NjM0ZjJmZjU5YSIsImV4cCI6MTc1OTQ4MTI5MywiZmlkIjoiZFpQSGdKWU1UWDZIUG9UQ09iZWhfbiIsInByb2plY3ROdW1iZXIiOjQxMjgyNjEzODczNX0.AB2LPV8wRQIgE2rCfifv4ZREuhxXBm0zdI5-3SAPrLR2O-XJljQ9x-wCIQD7BGDZAcwYEgjGSGhd0dtcK6l9EiNf98xOAcDEbh6cjA","RefreshToken":"3_AS3qfwIXBVnU36t5bp1zmXynSEBQIVW9lo6Vn_eU_A-V1xK2WTe_mIpBBzAw75_wbs5Uc8AK2tsrmqrwbTHJrg42wvdYnZaJMR5w8tNdlYmNTg","TokenCreationEpochInSecs":1758876492,"ExpiresInSecs":604800}