{"Fid":"dvbz00zkQo-LOfL2GD2CuB","Status":3,"AuthToken":"eyJhbGciOiJFUzI1NiIsInR5cCI6IkpXVCJ9.eyJhcHBJZCI6IjE6NDEyODI2MTM4NzM1OmFuZHJvaWQ6OGEzMmY3OTFlNDE1NjM0ZjJmZjU5YSIsImV4cCI6MTc2MTEyOTExNiwiZmlkIjoiZHZiejAwemtRby1MT2ZMMkdEMkN1QiIsInByb2plY3ROdW1iZXIiOjQxMjgyNjEzODczNX0.AB2LPV8wRQIhAP2htsLHQ4NpX4w4Ui3GYjTZ8WVf89OkA7c2B8YoO98mAiBMXv0Z-dmv80ck2DDv6SUvmEmu0TNTM1wPXwS6vRKuiw","RefreshToken":"3_AS3qfwKywmOeP2UqI9-G-JvtGsOePHIb_4KjabSBwCUGFTeUxCbtW4mzWdT9DTr-0yhtb4Q5tQakS4keP70bJ_ylOFJ8y9VZENqWJw3ON7hx3rM","TokenCreationEpochInSecs":1760524316,"ExpiresInSecs":604800}