{"Fid":"dLlktnlDRqyRHrOQd8PKK-","Status":3,"AuthToken":"eyJhbGciOiJFUzI1NiIsInR5cCI6IkpXVCJ9.eyJhcHBJZCI6IjE6NDEyODI2MTM4NzM1OmFuZHJvaWQ6OGEzMmY3OTFlNDE1NjM0ZjJmZjU5YSIsImV4cCI6MTc1OTQ2NDM3MywiZmlkIjoiZExsa3RubERScXlSSHJPUWQ4UEtLLSIsInByb2plY3ROdW1iZXIiOjQxMjgyNjEzODczNX0.AB2LPV8wRAIgKjypGoIZkz0mrH8f7Pgsok1MjTaDg-NUpnQ7iHL5SHwCIFESEWkTRARJSJvy4hjsbV9dkFO6Nl5-uOhKWgqPRCJ7","RefreshToken":"3_AS3qfwJGdLn_VmHq-y5Jxk82S78NzIxxNHElPzK03fuu4GlXuzrBsUH3MR9R_F7qdA660hBhnY6AwHR5186ZWA0zuFdtTeeYa1016fGpxNs3VXw","TokenCreationEpochInSecs":1758859573,"ExpiresInSecs":604800}