{"Fid":"fGVcXGnpTAWVBb9RQxHmhx","Status":3,"AuthToken":"eyJhbGciOiJFUzI1NiIsInR5cCI6IkpXVCJ9.eyJhcHBJZCI6IjE6NDEyODI2MTM4NzM1OmFuZHJvaWQ6OGEzMmY3OTFlNDE1NjM0ZjJmZjU5YSIsImV4cCI6MTc2MjgzNTI3MCwiZmlkIjoiZkdWY1hHbnBUQVdWQmI5UlF4SG1oeCIsInByb2plY3ROdW1iZXIiOjQxMjgyNjEzODczNX0.AB2LPV8wRQIhAKFwszRMlZ_K-xWcfIkZENDCBltKvPLthbGuxMVsauFqAiAQLjuEV39ykrVtrQGj5u0i-tbbs1Rw4lbn1EwOyKEMVw","RefreshToken":"3_AS3qfwI_s5JIPYMlzpFA7vb8I9etVCx89sl60YfUj4iBhnmQZ5VbqNvAegHeoz8hoUwV5VceuPpN3k6RTTB7dtYFtBlJ1eZGk8D2VoguI4OpJ68","TokenCreationEpochInSecs":1762230469,"ExpiresInSecs":604800}