{"Fid":"ewCQ8tWRQnGNb8Fc9VsxOR","Status":3,"AuthToken":"eyJhbGciOiJFUzI1NiIsInR5cCI6IkpXVCJ9.eyJhcHBJZCI6IjE6NDEyODI2MTM4NzM1OmFuZHJvaWQ6OGEzMmY3OTFlNDE1NjM0ZjJmZjU5YSIsImV4cCI6MTc2MTEzMDk1MywiZmlkIjoiZXdDUTh0V1JRbkdOYjhGYzlWc3hPUiIsInByb2plY3ROdW1iZXIiOjQxMjgyNjEzODczNX0.AB2LPV8wRAIgeJHCc5Zb6sg3RSVpA3nGQXX2KO8L0jYZZDpnKvqaiUQCICdAn0tX2Ob10guVCoBUVc2vtfLQwsW4npsmwsf9T5LC","RefreshToken":"3_AS3qfwKYOUMK0lhcFM4x5JluQ3v6XpFAt1LILTUmNSiOypESGJsbMOKpBP6WIIVv3wXZ37plgU7o6ND5eSzpztr1u6v3Wda8KhCpWvlQ0JmtKpQ","TokenCreationEpochInSecs":1760526154,"ExpiresInSecs":604800}