{"Fid":"emYph5m0R_ONjfEjBudRxJ","Status":3,"AuthToken":"eyJhbGciOiJFUzI1NiIsInR5cCI6IkpXVCJ9.eyJhcHBJZCI6IjE6NDEyODI2MTM4NzM1OmFuZHJvaWQ6OGEzMmY3OTFlNDE1NjM0ZjJmZjU5YSIsImV4cCI6MTc2MjE0NjQxMSwiZmlkIjoiZW1ZcGg1bTBSX09OamZFakJ1ZFJ4SiIsInByb2plY3ROdW1iZXIiOjQxMjgyNjEzODczNX0.AB2LPV8wRAIgMvibWcF_bpWJKl4iiujSUYpxErd5bJHUtcYkFyqOJYYCIEdUL36LVzZ4fsOp6OT2UW3pF01DtQ4eu_dGYT6A0wGU","RefreshToken":"3_AS3qfwIndNe9yq0YJ4LVcC1OSGjHzwxTrv7_OAGcNXk3GnTL9BYd2-hPhdB8xni080cfgyfgA9pToW9csg3iEsD9GmCDPTZKe5XefICAwWCurCY","TokenCreationEpochInSecs":1761541610,"ExpiresInSecs":604800}