{"Fid":"c6RLMq2OQ7OLC228Lj7Edp","Status":3,"AuthToken":"eyJhbGciOiJFUzI1NiIsInR5cCI6IkpXVCJ9.eyJhcHBJZCI6IjE6NDEyODI2MTM4NzM1OmFuZHJvaWQ6OGEzMmY3OTFlNDE1NjM0ZjJmZjU5YSIsImV4cCI6MTc2MTEzMTQ2MSwiZmlkIjoiYzZSTE1xMk9RN09MQzIyOExqN0VkcCIsInByb2plY3ROdW1iZXIiOjQxMjgyNjEzODczNX0.AB2LPV8wRQIgO6-bnwuSEWg1MCY8TC4edYNwHHOg4cp4XJ6xExCltrICIQC9X7df9rpFQEBmkmDD-GA78xQDHee7iCHtJXIoIQJE8Q","RefreshToken":"3_AS3qfwLimTBJjGmW5TKNpUMvSWwYw4g4GE1UlUci4fpzlDUwMumZiv1JJ6WnGEjGi5pwoBlR_RtGoKZQrWyziaJxv1lAz-3nFE01YtjPFfs5Mro","TokenCreationEpochInSecs":1760526661,"ExpiresInSecs":604800}