{"Fid":"e1mVBFA7SeKyABOoG_RtHJ","Status":3,"AuthToken":"eyJhbGciOiJFUzI1NiIsInR5cCI6IkpXVCJ9.eyJhcHBJZCI6IjE6NDEyODI2MTM4NzM1OmFuZHJvaWQ6OGEzMmY3OTFlNDE1NjM0ZjJmZjU5YSIsImV4cCI6MTc2MzUxODc2NCwiZmlkIjoiZTFtVkJGQTdTZUt5QUJPb0dfUnRISiIsInByb2plY3ROdW1iZXIiOjQxMjgyNjEzODczNX0.AB2LPV8wRgIhAOD5DoBfJPg4kFKpi4upkuDekpFPEgvE2f0qG_Ywhi9jAiEAmpPbHx0xybGVQ8FoIdhe8OXrKPAj5yddq7Z5aa9qxBM","RefreshToken":"3_AS3qfwL_xktV6xM7LZK_0S10awHmSvIqWOW3zNa6xsJDFhoGqZlirdNMiPqlVWWkqz9wTQoW_tJR85fLCrzeBTDtzBP9C4Jq09jvMZbm5_hCgCA","TokenCreationEpochInSecs":1762913964,"ExpiresInSecs":604800}