{"Fid":"fl3W0H_fQ5q3dRHOG22i_2","Status":3,"AuthToken":"eyJhbGciOiJFUzI1NiIsInR5cCI6IkpXVCJ9.eyJhcHBJZCI6IjE6NDEyODI2MTM4NzM1OmFuZHJvaWQ6OGEzMmY3OTFlNDE1NjM0ZjJmZjU5YSIsImV4cCI6MTc2NDgzNzY1MiwiZmlkIjoiZmwzVzBIX2ZRNXEzZFJIT0cyMmlfMiIsInByb2plY3ROdW1iZXIiOjQxMjgyNjEzODczNX0.AB2LPV8wRQIhAMiH6coz31peshgMwMouhBRwjGdFd2Wiv2KdUb93e4EjAiACDBtWqSXInAL1x7g-Hmr75MA-ccpWm-LIfmnM-ANUMQ","RefreshToken":"3_AS3qfwJrXPCnB9el8aiIFdkz1LxSbWDmoTVq7Wkd0Q4TQGImWTeWBgu1Wnk-TVbuqwLjVfU2LGkGXYTCEK2OQ2HSuzgc6-4JAoGpLkJonHPDzsg","TokenCreationEpochInSecs":1764232851,"ExpiresInSecs":604800}