{"Fid":"dfEc2LxqSs-ShWdmuxHmws","Status":3,"AuthToken":"eyJhbGciOiJFUzI1NiIsInR5cCI6IkpXVCJ9.eyJhcHBJZCI6IjE6NDEyODI2MTM4NzM1OmFuZHJvaWQ6OGEzMmY3OTFlNDE1NjM0ZjJmZjU5YSIsImV4cCI6MTc2NTk4MDQzNywiZmlkIjoiZGZFYzJMeHFTcy1TaFdkbXV4SG13cyIsInByb2plY3ROdW1iZXIiOjQxMjgyNjEzODczNX0.AB2LPV8wRQIhAI_TFF-xDtdZ50Qi-OJl0zzVXoHSuN7-UwKaQ3vQjLE1AiBVLK866DRBzlm1QLweCmJlqWR9_S5f3plqKA3W6Hjp5A","RefreshToken":"3_AS3qfwJop7YoFiotCSpoAvvPq21kfX9-TNy-uvxrb-SrrJrD5vUY2AU8UnrlfZUcBms100RkvQstZM8J1wpW6c_TgQq6BhIEsPIZY1nyRV0UeU4","TokenCreationEpochInSecs":1765375637,"ExpiresInSecs":604800}