{"Fid":"fynYNYd8TzS3BoUcDQRBix","Status":3,"AuthToken":"eyJhbGciOiJFUzI1NiIsInR5cCI6IkpXVCJ9.eyJhcHBJZCI6IjE6NDEyODI2MTM4NzM1OmFuZHJvaWQ6OGEzMmY3OTFlNDE1NjM0ZjJmZjU5YSIsImV4cCI6MTc2MDg1NDQ2OCwiZmlkIjoiZnluWU5ZZDhUelMzQm9VY0RRUkJpeCIsInByb2plY3ROdW1iZXIiOjQxMjgyNjEzODczNX0.AB2LPV8wRQIgExZSN9mGtom-ABcj2G31QMeVV5bx9joW01k2poNPbuMCIQCSOJfQIPxaN7HxDeLZaFZ_Jei4OsnGsAsD4YsmOYHK1Q","RefreshToken":"3_AS3qfwJOBXO7IsG_y3PlvFd7yGFe18u5B7TXwugF5Md3x99FzSs_qXzThTs8cBEATM7L7ZRm73h3s5CsWeRznjXg-Y6sJZLqamcNyr1T0ZSAVwE","TokenCreationEpochInSecs":1760249667,"ExpiresInSecs":604800}