{"Fid":"fKAbqHCoTeiLsbTR9u25Rx","Status":3,"AuthToken":"eyJhbGciOiJFUzI1NiIsInR5cCI6IkpXVCJ9.eyJhcHBJZCI6IjE6NDEyODI2MTM4NzM1OmFuZHJvaWQ6OGEzMmY3OTFlNDE1NjM0ZjJmZjU5YSIsImV4cCI6MTc2MTUzNjc4OSwiZmlkIjoiZktBYnFIQ29UZWlMc2JUUjl1MjVSeCIsInByb2plY3ROdW1iZXIiOjQxMjgyNjEzODczNX0.AB2LPV8wRQIhALrQyAF1wwHcKq9T3536Vo-KLL1Vn9zwUPDvWYvqHow-AiB6yQTELS_S3c8k86N5XyvbkWemDDUU3Kbv-9A9AbAQMQ","RefreshToken":"3_AS3qfwIYSoDoO20F9z2EeOdCQ_rym385Bn5UTM1NEfBknu3Yl1dZ4W9rIuWd107VTwA2AMxCxpbOm_Ui0b3Pomy9BMvZ31x74yLScbwak3mVSA","TokenCreationEpochInSecs":1760931987,"ExpiresInSecs":604800}