{"Fid":"d99XlKahS-KhLhavudmE1B","Status":3,"AuthToken":"eyJhbGciOiJFUzI1NiIsInR5cCI6IkpXVCJ9.eyJhcHBJZCI6IjE6NDEyODI2MTM4NzM1OmFuZHJvaWQ6OGEzMmY3OTFlNDE1NjM0ZjJmZjU5YSIsImV4cCI6MTc1OTY1NDg5MiwiZmlkIjoiZDk5WGxLYWhTLUtoTGhhdnVkbUUxQiIsInByb2plY3ROdW1iZXIiOjQxMjgyNjEzODczNX0.AB2LPV8wRAIgcwr9SDX-wr5dSi7cOySoKIR5bBm8BN9RTEHYDtphHwACIHDgRdKoMvLUIIJCSi3TuOjhluMVUdvTescT9hiNiKMq","RefreshToken":"3_AS3qfwIHsGR2sjHOtPQih7RMGmXycUNIXoCgSXx0nlwPChHe7OHyHdZYPHvljgffKwAFswKToblgBgAyLlmtDkeXJ4jlm94bPdyeYsid3nCNHFw","TokenCreationEpochInSecs":1759050091,"ExpiresInSecs":604800}