{"Fid":"cOhhMh4YSOmECcAdinatJA","Status":3,"AuthToken":"eyJhbGciOiJFUzI1NiIsInR5cCI6IkpXVCJ9.eyJhcHBJZCI6IjE6NDEyODI2MTM4NzM1OmFuZHJvaWQ6OGEzMmY3OTFlNDE1NjM0ZjJmZjU5YSIsImV4cCI6MTc2MTU0Mzc2NCwiZmlkIjoiY09oaE1oNFlTT21FQ2NBZGluYXRKQSIsInByb2plY3ROdW1iZXIiOjQxMjgyNjEzODczNX0.AB2LPV8wRQIgLIlnphlruWNQ_6nSBX8AJpAlcN-yA9iYtNGYEi-xmcICIQCYEjQIo7Q2_vB0tARjvr5iSqsv3TC6qAyIRvY1jQdoHQ","RefreshToken":"3_AS3qfwK1wiuPGjxszaSGHgcLmVSOFO-WAIm67f8-IfEEhmabjwgvYVZ3kHJerPv1Q2UDc9xg-ktEbpKRM4d3L2sgyqXzQBahPIy9zN9OVMrZBg","TokenCreationEpochInSecs":1760938962,"ExpiresInSecs":604800}